PRAGMA foreign_keys=OFF;
BEGIN TRANSACTION;
CREATE TABLE IF NOT EXISTS "django_migrations" ("id" integer NOT NULL PRIMARY KEY AUTOINCREMENT, "app" varchar(255) NOT NULL, "name" varchar(255) NOT NULL, "applied" datetime NOT NULL);
INSERT INTO django_migrations VALUES(1,'contenttypes','0001_initial','2023-08-29 03:34:21.191276');
INSERT INTO django_migrations VALUES(2,'contenttypes','0002_remove_content_type_name','2023-08-29 03:34:21.200531');
INSERT INTO django_migrations VALUES(3,'auth','0001_initial','2023-08-29 03:34:21.216186');
INSERT INTO django_migrations VALUES(4,'auth','0002_alter_permission_name_max_length','2023-08-29 03:34:21.233229');
INSERT INTO django_migrations VALUES(5,'auth','0003_alter_user_email_max_length','2023-08-29 03:34:21.240338');
INSERT INTO django_migrations VALUES(6,'auth','0004_alter_user_username_opts','2023-08-29 03:34:21.249732');
INSERT INTO django_migrations VALUES(7,'auth','0005_alter_user_last_login_null','2023-08-29 03:34:21.258139');
INSERT INTO django_migrations VALUES(8,'auth','0006_require_contenttypes_0002','2023-08-29 03:34:21.262796');
INSERT INTO django_migrations VALUES(9,'auth','0007_alter_validators_add_error_messages','2023-08-29 03:34:21.270488');
INSERT INTO django_migrations VALUES(10,'auth','0008_alter_user_username_max_length','2023-08-29 03:34:21.278142');
INSERT INTO django_migrations VALUES(11,'auth','0009_alter_user_last_name_max_length','2023-08-29 03:34:21.286530');
INSERT INTO django_migrations VALUES(12,'auth','0010_alter_group_name_max_length','2023-08-29 03:34:21.294781');
INSERT INTO django_migrations VALUES(13,'auth','0011_update_proxy_permissions','2023-08-29 03:34:21.302287');
INSERT INTO django_migrations VALUES(14,'auth','0012_alter_user_first_name_max_length','2023-08-29 03:34:21.311417');
INSERT INTO django_migrations VALUES(15,'bank','0001_initial','2023-08-29 03:34:21.342180');
INSERT INTO django_migrations VALUES(16,'admin','0001_initial','2023-08-29 03:34:21.359552');
INSERT INTO django_migrations VALUES(17,'admin','0002_logentry_remove_auto_add','2023-08-29 03:34:21.371938');
INSERT INTO django_migrations VALUES(18,'admin','0003_logentry_add_action_flag_choices','2023-08-29 03:34:21.380903');
INSERT INTO django_migrations VALUES(19,'sessions','0001_initial','2023-08-29 03:34:21.391215');
INSERT INTO django_migrations VALUES(20,'bank','0002_alter_bankaccountcardmodel_expired_at','2023-08-29 03:36:50.862392');
INSERT INTO django_migrations VALUES(21,'bank','0003_alter_bankaccountcardmodel_expired_at_and_more','2023-08-29 16:37:09.984799');
INSERT INTO django_migrations VALUES(22,'bank','0004_alter_bankaccountcardmodel_expired_at_and_more','2023-08-29 17:13:44.656328');
CREATE TABLE IF NOT EXISTS "django_content_type" ("id" integer NOT NULL PRIMARY KEY AUTOINCREMENT, "app_label" varchar(100) NOT NULL, "model" varchar(100) NOT NULL);
INSERT INTO django_content_type VALUES(1,'bank','usermodel');
INSERT INTO django_content_type VALUES(2,'bank','currencymodel');
INSERT INTO django_content_type VALUES(3,'bank','paymentprocessingmodel');
INSERT INTO django_content_type VALUES(4,'bank','currencyexchangemodel');
INSERT INTO django_content_type VALUES(5,'bank','bankaccountmodel');
INSERT INTO django_content_type VALUES(6,'bank','bankaccountcardmodel');
INSERT INTO django_content_type VALUES(7,'admin','logentry');
INSERT INTO django_content_type VALUES(8,'auth','permission');
INSERT INTO django_content_type VALUES(9,'auth','group');
INSERT INTO django_content_type VALUES(10,'contenttypes','contenttype');
INSERT INTO django_content_type VALUES(11,'sessions','session');
INSERT INTO django_content_type VALUES(12,'bank','currencyexchangehistorymodel');
INSERT INTO django_content_type VALUES(13,'bank','bankaccounttopupmodel');
CREATE TABLE IF NOT EXISTS "auth_group_permissions" ("id" integer NOT NULL PRIMARY KEY AUTOINCREMENT, "group_id" integer NOT NULL REFERENCES "auth_group" ("id") DEFERRABLE INITIALLY DEFERRED, "permission_id" integer NOT NULL REFERENCES "auth_permission" ("id") DEFERRABLE INITIALLY DEFERRED);
CREATE TABLE IF NOT EXISTS "auth_permission" ("id" integer NOT NULL PRIMARY KEY AUTOINCREMENT, "content_type_id" integer NOT NULL REFERENCES "django_content_type" ("id") DEFERRABLE INITIALLY DEFERRED, "codename" varchar(100) NOT NULL, "name" varchar(255) NOT NULL);
INSERT INTO auth_permission VALUES(1,1,'add_usermodel','Can add user');
INSERT INTO auth_permission VALUES(2,1,'change_usermodel','Can change user');
INSERT INTO auth_permission VALUES(3,1,'delete_usermodel','Can delete user');
INSERT INTO auth_permission VALUES(4,1,'view_usermodel','Can view user');
INSERT INTO auth_permission VALUES(5,2,'add_currencymodel','Can add currency model');
INSERT INTO auth_permission VALUES(6,2,'change_currencymodel','Can change currency model');
INSERT INTO auth_permission VALUES(7,2,'delete_currencymodel','Can delete currency model');
INSERT INTO auth_permission VALUES(8,2,'view_currencymodel','Can view currency model');
INSERT INTO auth_permission VALUES(9,3,'add_paymentprocessingmodel','Can add Платежная система');
INSERT INTO auth_permission VALUES(10,3,'change_paymentprocessingmodel','Can change Платежная система');
INSERT INTO auth_permission VALUES(11,3,'delete_paymentprocessingmodel','Can delete Платежная система');
INSERT INTO auth_permission VALUES(12,3,'view_paymentprocessingmodel','Can view Платежная система');
INSERT INTO auth_permission VALUES(13,4,'add_currencyexchangemodel','Can add Обмен валюты');
INSERT INTO auth_permission VALUES(14,4,'change_currencyexchangemodel','Can change Обмен валюты');
INSERT INTO auth_permission VALUES(15,4,'delete_currencyexchangemodel','Can delete Обмен валюты');
INSERT INTO auth_permission VALUES(16,4,'view_currencyexchangemodel','Can view Обмен валюты');
INSERT INTO auth_permission VALUES(17,5,'add_bankaccountmodel','Can add Счет пользователя');
INSERT INTO auth_permission VALUES(18,5,'change_bankaccountmodel','Can change Счет пользователя');
INSERT INTO auth_permission VALUES(19,5,'delete_bankaccountmodel','Can delete Счет пользователя');
INSERT INTO auth_permission VALUES(20,5,'view_bankaccountmodel','Can view Счет пользователя');
INSERT INTO auth_permission VALUES(21,6,'add_bankaccountcardmodel','Can add Карта счета пользователя');
INSERT INTO auth_permission VALUES(22,6,'change_bankaccountcardmodel','Can change Карта счета пользователя');
INSERT INTO auth_permission VALUES(23,6,'delete_bankaccountcardmodel','Can delete Карта счета пользователя');
INSERT INTO auth_permission VALUES(24,6,'view_bankaccountcardmodel','Can view Карта счета пользователя');
INSERT INTO auth_permission VALUES(25,7,'add_logentry','Can add log entry');
INSERT INTO auth_permission VALUES(26,7,'change_logentry','Can change log entry');
INSERT INTO auth_permission VALUES(27,7,'delete_logentry','Can delete log entry');
INSERT INTO auth_permission VALUES(28,7,'view_logentry','Can view log entry');
INSERT INTO auth_permission VALUES(29,8,'add_permission','Can add permission');
INSERT INTO auth_permission VALUES(30,8,'change_permission','Can change permission');
INSERT INTO auth_permission VALUES(31,8,'delete_permission','Can delete permission');
INSERT INTO auth_permission VALUES(32,8,'view_permission','Can view permission');
INSERT INTO auth_permission VALUES(33,9,'add_group','Can add group');
INSERT INTO auth_permission VALUES(34,9,'change_group','Can change group');
INSERT INTO auth_permission VALUES(35,9,'delete_group','Can delete group');
INSERT INTO auth_permission VALUES(36,9,'view_group','Can view group');
INSERT INTO auth_permission VALUES(37,10,'add_contenttype','Can add content type');
INSERT INTO auth_permission VALUES(38,10,'change_contenttype','Can change content type');
INSERT INTO auth_permission VALUES(39,10,'delete_contenttype','Can delete content type');
INSERT INTO auth_permission VALUES(40,10,'view_contenttype','Can view content type');
INSERT INTO auth_permission VALUES(41,11,'add_session','Can add session');
INSERT INTO auth_permission VALUES(42,11,'change_session','Can change session');
INSERT INTO auth_permission VALUES(43,11,'delete_session','Can delete session');
INSERT INTO auth_permission VALUES(44,11,'view_session','Can view session');
INSERT INTO auth_permission VALUES(45,12,'add_currencyexchangehistorymodel','Can add История обмена валюты');
INSERT INTO auth_permission VALUES(46,12,'change_currencyexchangehistorymodel','Can change История обмена валюты');
INSERT INTO auth_permission VALUES(47,12,'delete_currencyexchangehistorymodel','Can delete История обмена валюты');
INSERT INTO auth_permission VALUES(48,12,'view_currencyexchangehistorymodel','Can view История обмена валюты');
INSERT INTO auth_permission VALUES(49,13,'add_bankaccounttopupmodel','Can add Пополнение счета');
INSERT INTO auth_permission VALUES(50,13,'change_bankaccounttopupmodel','Can change Пополнение счета');
INSERT INTO auth_permission VALUES(51,13,'delete_bankaccounttopupmodel','Can delete Пополнение счета');
INSERT INTO auth_permission VALUES(52,13,'view_bankaccounttopupmodel','Can view Пополнение счета');
CREATE TABLE IF NOT EXISTS "auth_group" ("id" integer NOT NULL PRIMARY KEY AUTOINCREMENT, "name" varchar(150) NOT NULL UNIQUE);
CREATE TABLE IF NOT EXISTS "bank_usermodel" ("id" integer NOT NULL PRIMARY KEY AUTOINCREMENT, "password" varchar(128) NOT NULL, "last_login" datetime NULL, "is_superuser" bool NOT NULL, "username" varchar(150) NOT NULL UNIQUE, "first_name" varchar(150) NOT NULL, "last_name" varchar(150) NOT NULL, "email" varchar(254) NOT NULL, "is_staff" bool NOT NULL, "is_active" bool NOT NULL, "date_joined" datetime NOT NULL);
INSERT INTO bank_usermodel VALUES(1,'pbkdf2_sha256$600000$IFw9LV8O3tg2XvgrFQqgQ7$4fBcDFXrICQnKaroCX95nmngeFVJPpimzS+6FurKbxg=','2023-08-29 05:02:18.141993',1,'bitt','Bitttt','Nik','bit@bitt.moe',1,1,'2023-08-29 03:34:33');
INSERT INTO bank_usermodel VALUES(4,'pbkdf2_sha256$600000$IFw9LV8O3tg2XvgrFQqgQ7$4fBcDFXrICQnKaroCX95nmngeFVJPpimzS+6FurKbxg=',NULL,1,'test3','Test1','Test2','test3@test.com',0,1,'2023-08-29 04:04:10');
INSERT INTO bank_usermodel VALUES(6,'pbkdf2_sha256$600000$IFw9LV8O3tg2XvgrFQqgQ7$4fBcDFXrICQnKaroCX95nmngeFVJPpimzS+6FurKbxg=','2023-08-29 04:40:54.838110',1,'bit','','','bit@bitt.moe',1,1,'2023-08-29 04:40:17.591250');
INSERT INTO bank_usermodel VALUES(13,'pbkdf2_sha256$600000$MUm7yIBIqQMggKEYWN71fc$pNQTT+mPFmKl/z4g7Q0PTRCym3XQrzrQ/QP0Q5UNZF4=',NULL,0,'nnv','Nikolay','Nikonorov','nnv@bitt.moe',0,1,'2023-08-29 12:41:11.020178');
CREATE TABLE IF NOT EXISTS "bank_usermodel_groups" ("id" integer NOT NULL PRIMARY KEY AUTOINCREMENT, "usermodel_id" bigint NOT NULL REFERENCES "bank_usermodel" ("id") DEFERRABLE INITIALLY DEFERRED, "group_id" integer NOT NULL REFERENCES "auth_group" ("id") DEFERRABLE INITIALLY DEFERRED);
CREATE TABLE IF NOT EXISTS "bank_usermodel_user_permissions" ("id" integer NOT NULL PRIMARY KEY AUTOINCREMENT, "usermodel_id" bigint NOT NULL REFERENCES "bank_usermodel" ("id") DEFERRABLE INITIALLY DEFERRED, "permission_id" integer NOT NULL REFERENCES "auth_permission" ("id") DEFERRABLE INITIALLY DEFERRED);
INSERT INTO bank_usermodel_user_permissions VALUES(1,4,9);
INSERT INTO bank_usermodel_user_permissions VALUES(2,4,10);
INSERT INTO bank_usermodel_user_permissions VALUES(3,4,11);
INSERT INTO bank_usermodel_user_permissions VALUES(4,4,12);
INSERT INTO bank_usermodel_user_permissions VALUES(5,4,41);
INSERT INTO bank_usermodel_user_permissions VALUES(6,4,42);
INSERT INTO bank_usermodel_user_permissions VALUES(7,4,43);
INSERT INTO bank_usermodel_user_permissions VALUES(8,4,44);
INSERT INTO bank_usermodel_user_permissions VALUES(9,1,1);
INSERT INTO bank_usermodel_user_permissions VALUES(10,1,2);
INSERT INTO bank_usermodel_user_permissions VALUES(11,1,3);
INSERT INTO bank_usermodel_user_permissions VALUES(12,1,4);
INSERT INTO bank_usermodel_user_permissions VALUES(13,1,5);
INSERT INTO bank_usermodel_user_permissions VALUES(14,1,6);
INSERT INTO bank_usermodel_user_permissions VALUES(15,1,7);
INSERT INTO bank_usermodel_user_permissions VALUES(16,1,8);
INSERT INTO bank_usermodel_user_permissions VALUES(17,1,9);
INSERT INTO bank_usermodel_user_permissions VALUES(18,1,10);
INSERT INTO bank_usermodel_user_permissions VALUES(19,1,11);
INSERT INTO bank_usermodel_user_permissions VALUES(20,1,12);
INSERT INTO bank_usermodel_user_permissions VALUES(21,1,13);
INSERT INTO bank_usermodel_user_permissions VALUES(22,1,14);
INSERT INTO bank_usermodel_user_permissions VALUES(23,1,15);
INSERT INTO bank_usermodel_user_permissions VALUES(24,1,16);
INSERT INTO bank_usermodel_user_permissions VALUES(25,1,17);
INSERT INTO bank_usermodel_user_permissions VALUES(26,1,18);
INSERT INTO bank_usermodel_user_permissions VALUES(27,1,19);
INSERT INTO bank_usermodel_user_permissions VALUES(28,1,20);
INSERT INTO bank_usermodel_user_permissions VALUES(29,1,21);
INSERT INTO bank_usermodel_user_permissions VALUES(30,1,22);
INSERT INTO bank_usermodel_user_permissions VALUES(31,1,23);
INSERT INTO bank_usermodel_user_permissions VALUES(32,1,24);
INSERT INTO bank_usermodel_user_permissions VALUES(33,1,25);
INSERT INTO bank_usermodel_user_permissions VALUES(34,1,26);
INSERT INTO bank_usermodel_user_permissions VALUES(35,1,27);
INSERT INTO bank_usermodel_user_permissions VALUES(36,1,28);
INSERT INTO bank_usermodel_user_permissions VALUES(37,1,29);
INSERT INTO bank_usermodel_user_permissions VALUES(38,1,30);
INSERT INTO bank_usermodel_user_permissions VALUES(39,1,31);
INSERT INTO bank_usermodel_user_permissions VALUES(40,1,32);
INSERT INTO bank_usermodel_user_permissions VALUES(41,1,33);
INSERT INTO bank_usermodel_user_permissions VALUES(42,1,34);
INSERT INTO bank_usermodel_user_permissions VALUES(43,1,35);
INSERT INTO bank_usermodel_user_permissions VALUES(44,1,36);
INSERT INTO bank_usermodel_user_permissions VALUES(45,1,37);
INSERT INTO bank_usermodel_user_permissions VALUES(46,1,38);
INSERT INTO bank_usermodel_user_permissions VALUES(47,1,39);
INSERT INTO bank_usermodel_user_permissions VALUES(48,1,40);
INSERT INTO bank_usermodel_user_permissions VALUES(49,1,41);
INSERT INTO bank_usermodel_user_permissions VALUES(50,1,42);
INSERT INTO bank_usermodel_user_permissions VALUES(51,1,43);
INSERT INTO bank_usermodel_user_permissions VALUES(52,1,44);
CREATE TABLE IF NOT EXISTS "bank_currencymodel" ("id" integer NOT NULL PRIMARY KEY AUTOINCREMENT, "name" text NOT NULL UNIQUE, "symbol" varchar(1) NOT NULL UNIQUE);
insert into bank_currencymodel values (1, 'Рубль', '₽');
insert into bank_currencymodel values (2, 'Евро', '€');
insert into bank_currencymodel values (3, 'Доллар', '$');
CREATE TABLE IF NOT EXISTS "bank_paymentprocessingmodel" ("id" integer NOT NULL PRIMARY KEY AUTOINCREMENT, "name" text NOT NULL UNIQUE, "code" text NOT NULL UNIQUE);
INSERT INTO bank_paymentprocessingmodel VALUES(1,'МИР','MIR');
CREATE TABLE IF NOT EXISTS "bank_currencyexchangemodel" ("id" integer NOT NULL PRIMARY KEY AUTOINCREMENT, "difference" real NOT NULL, "exchange_type" varchar(3) NOT NULL, "from_currency_id" bigint NULL REFERENCES "bank_currencymodel" ("id") DEFERRABLE INITIALLY DEFERRED, "to_currency_id" bigint NULL REFERENCES "bank_currencymodel" ("id") DEFERRABLE INITIALLY DEFERRED);
INSERT INTO bank_currencyexchangemodel VALUES(1,60.0,'BUY',1,2);
INSERT INTO bank_currencyexchangemodel VALUES(2,50.0,'BUY',1,3);
CREATE TABLE IF NOT EXISTS "bank_bankaccountmodel" ("id" integer NOT NULL PRIMARY KEY AUTOINCREMENT, "name" text NULL, "amount" real NOT NULL, "currency_id" bigint NULL REFERENCES "bank_currencymodel" ("id") DEFERRABLE INITIALLY DEFERRED, "user_id" bigint NULL REFERENCES "bank_usermodel" ("id") DEFERRABLE INITIALLY DEFERRED);
INSERT INTO bank_bankaccountmodel VALUES(1,'Test Name',1700.0,1,1);
INSERT INTO bank_bankaccountmodel VALUES(2,'Счет 2',0.0,2,4);
CREATE TABLE IF NOT EXISTS "django_admin_log" ("id" integer NOT NULL PRIMARY KEY AUTOINCREMENT, "object_id" text NULL, "object_repr" varchar(200) NOT NULL, "action_flag" smallint unsigned NOT NULL CHECK ("action_flag" >= 0), "change_message" text NOT NULL, "content_type_id" integer NULL REFERENCES "django_content_type" ("id") DEFERRABLE INITIALLY DEFERRED, "user_id" bigint NOT NULL REFERENCES "bank_usermodel" ("id") DEFERRABLE INITIALLY DEFERRED, "action_time" datetime NOT NULL);
INSERT INTO django_admin_log VALUES(1,'2','ddd',2,'[{"changed": {"fields": ["Password", "Username"]}}]',1,1,'2023-08-29 03:59:07.591621');
INSERT INTO django_admin_log VALUES(2,'3','',3,'',1,1,'2023-08-29 04:04:22.973406');
INSERT INTO django_admin_log VALUES(3,'2','ddd',3,'',1,1,'2023-08-29 04:04:22.987342');
INSERT INTO django_admin_log VALUES(4,'1','bit',2,'[{"changed": {"fields": ["First name", "Last name", "Email address"]}}]',1,1,'2023-08-29 04:23:02.159642');
INSERT INTO django_admin_log VALUES(5,'5','bitt',3,'',1,1,'2023-08-29 04:35:25.726467');
INSERT INTO django_admin_log VALUES(6,'1','bitt',2,'[]',1,6,'2023-08-29 04:42:08.037002');
INSERT INTO django_admin_log VALUES(7,'4','test3',2,'[{"changed": {"fields": ["User permissions"]}}]',1,6,'2023-08-29 04:44:21.143426');
INSERT INTO django_admin_log VALUES(8,'4','test3',2,'[{"changed": {"fields": ["Superuser status"]}}]',1,6,'2023-08-29 04:44:44.115102');
INSERT INTO django_admin_log VALUES(9,'1','bitt',2,'[{"changed": {"fields": ["Active"]}}]',1,6,'2023-08-29 04:52:08.353623');
INSERT INTO django_admin_log VALUES(10,'1','bitt',2,'[{"changed": {"fields": ["Active"]}}]',1,6,'2023-08-29 04:52:13.076113');
INSERT INTO django_admin_log VALUES(11,'1','bitt',2,'[{"changed": {"fields": ["User permissions"]}}]',1,6,'2023-08-29 04:52:58.283910');
INSERT INTO django_admin_log VALUES(12,'1','bitt',2,'[{"changed": {"fields": ["Active"]}}]',1,6,'2023-08-29 04:59:42.125658');
INSERT INTO django_admin_log VALUES(13,'1','bitt',2,'[{"changed": {"fields": ["Staff status", "Active"]}}]',1,6,'2023-08-29 05:01:22.201100');
INSERT INTO django_admin_log VALUES(14,'1','bitt',2,'[{"changed": {"fields": ["Password", "Staff status"]}}]',1,6,'2023-08-29 05:02:14.328678');
INSERT INTO django_admin_log VALUES(15,'4','test3',2,'[{"changed": {"fields": ["Password"]}}]',1,6,'2023-08-29 12:23:59.329623');
INSERT INTO django_admin_log VALUES(16,'7','nnv',3,'',1,6,'2023-08-29 12:34:24.903258');
INSERT INTO django_admin_log VALUES(17,'8','nnv',3,'',1,6,'2023-08-29 12:35:16.516239');
INSERT INTO django_admin_log VALUES(18,'9','nnv',3,'',1,6,'2023-08-29 12:36:00.953557');
INSERT INTO django_admin_log VALUES(19,'10','nnv',3,'',1,6,'2023-08-29 12:37:05.162571');
INSERT INTO django_admin_log VALUES(20,'11','nnv',3,'',1,6,'2023-08-29 12:38:24.323865');
INSERT INTO django_admin_log VALUES(21,'12','nnv',3,'',1,6,'2023-08-29 12:40:52.481527');
INSERT INTO django_admin_log VALUES(22,'1','Р Рубль',1,'[{"added": {}}]',2,6,'2023-08-29 13:43:29.250873');
INSERT INTO django_admin_log VALUES(23,'1','Счет №1. Р Рубль',2,'[{"changed": {"fields": ["\u041a\u043e\u043b\u0438\u0447\u0435\u0441\u0442\u0432\u043e \u0432\u0430\u043b\u044e\u0442\u044b"]}}]',5,6,'2023-08-29 14:02:59.743350');
INSERT INTO django_admin_log VALUES(24,'1','МИР',1,'[{"added": {}}]',3,6,'2023-08-29 14:25:49.213809');
INSERT INTO django_admin_log VALUES(25,'1','Карта № 5302785142201449',1,'[{"added": {}}]',6,6,'2023-08-29 14:25:56.092090');
INSERT INTO django_admin_log VALUES(26,'2','E Евро',1,'[{"added": {}}]',2,6,'2023-08-29 15:38:08.433242');
INSERT INTO django_admin_log VALUES(27,'1','BUY 101.1. Р Рубль -> E Евро',1,'[{"added": {}}]',4,6,'2023-08-29 15:38:25.248147');
INSERT INTO django_admin_log VALUES(28,'2','Счет №2. E Евро',1,'[{"added": {}}]',5,6,'2023-08-29 16:33:26.737111');
INSERT INTO django_admin_log VALUES(29,'1','Счет №1. Р Рубль',2,'[{"changed": {"fields": ["\u041a\u043e\u043b\u0438\u0447\u0435\u0441\u0442\u0432\u043e \u0432\u0430\u043b\u044e\u0442\u044b"]}}]',5,6,'2023-08-29 16:40:46.844794');
INSERT INTO django_admin_log VALUES(30,'1','BUY 60.0. Р Рубль -> E Евро',2,'[{"changed": {"fields": ["\u0420\u0430\u0437\u043d\u0438\u0446\u0430 \u0432 \u0432\u0430\u043b\u044e\u0442\u0435"]}}]',4,6,'2023-08-29 16:41:03.292115');
INSERT INTO django_admin_log VALUES(31,'3','D Доллар',1,'[{"added": {}}]',2,6,'2023-08-29 16:49:15.638904');
INSERT INTO django_admin_log VALUES(32,'2','BUY 50.0. Р Рубль -> D Доллар',1,'[{"added": {}}]',4,6,'2023-08-29 16:50:35.953156');
INSERT INTO django_admin_log VALUES(33,'1','1000.0 -> Счет №1. Р Рубль',1,'[{"added": {}}]',13,6,'2023-08-29 17:14:17.340004');
CREATE TABLE IF NOT EXISTS "django_session" ("session_key" varchar(40) NOT NULL PRIMARY KEY, "session_data" text NOT NULL, "expire_date" datetime NOT NULL);
INSERT INTO django_session VALUES('xz5ip2jsff58uwvyi31c8lue1z7prwn0','.eJxVjDsOwjAQBe_iGlnxb-2lpOcMltdr4wBKpDipEHeHSCmgfTPzXiKmbW1x62WJI4uzAHH63SjlR5l2wPc03WaZ52ldRpK7Ig_a5XXm8rwc7t9BS719a0PVJQtac2FUQZFxljgHBK8ChaopIwxsDaSKYVBgkLTL3ltjNQKK9wfdczcA:1qaqWd:fWicH5Bw3qMFk5i8dCgCPkPqw81q2_DeRL4MvqmHJZo','2023-09-12 04:40:23.008262');
INSERT INTO django_session VALUES('htgrwhhn5y2ojwufk4enx2cm4e1cktdv','.eJxVjMsOwiAQRf-FtSHlzbh07zcQhgGpGkhKuzL-uzbpQrf3nHNfLMRtrWEbeQkzsTMT7PS7YUyP3HZA99hunafe1mVGviv8oINfO-Xn5XD_Dmoc9VsrLCZqKyVlAuEFKqORkgfrhEdfJCawE2llYwE_CasApUnOaaUlWGDvD9p2Nvs:1qaqrq:jiRra0S7MVCj8Eyo1g4JBBKSU6IDMIXQDKmbm4Qs6_8','2023-09-12 05:02:18.147716');
CREATE TABLE IF NOT EXISTS "bank_currencyexchangehistorymodel" ("id" integer NOT NULL PRIMARY KEY AUTOINCREMENT, "amount" real NOT NULL, "currency_exchange_id" bigint NULL REFERENCES "bank_currencyexchangemodel" ("id") DEFERRABLE INITIALLY DEFERRED, "from_account_id" bigint NULL REFERENCES "bank_bankaccountmodel" ("id") DEFERRABLE INITIALLY DEFERRED, "to_account_id" bigint NULL REFERENCES "bank_bankaccountmodel" ("id") DEFERRABLE INITIALLY DEFERRED);
INSERT INTO bank_currencyexchangehistorymodel VALUES(1,10110000.0,1,1,2);
INSERT INTO bank_currencyexchangehistorymodel VALUES(2,10110000.0,1,1,2);
INSERT INTO bank_currencyexchangehistorymodel VALUES(3,10110000.0,1,1,2);
INSERT INTO bank_currencyexchangehistorymodel VALUES(4,1011.0,1,1,2);
INSERT INTO bank_currencyexchangehistorymodel VALUES(5,600.0,1,1,2);
INSERT INTO bank_currencyexchangehistorymodel VALUES(6,600.0,1,1,2);
INSERT INTO bank_currencyexchangehistorymodel VALUES(7,600.0,1,1,2);
INSERT INTO bank_currencyexchangehistorymodel VALUES(8,600.0,1,1,2);
CREATE TABLE IF NOT EXISTS "bank_bankaccountcardmodel" ("id" integer NOT NULL PRIMARY KEY AUTOINCREMENT, "number" bigint NOT NULL, "secure_code" integer NOT NULL, "account_id" bigint NULL REFERENCES "bank_bankaccountmodel" ("id") DEFERRABLE INITIALLY DEFERRED, "payment_processor_id" bigint NULL REFERENCES "bank_paymentprocessingmodel" ("id") DEFERRABLE INITIALLY DEFERRED, "expired_at" date NOT NULL);
INSERT INTO bank_bankaccountcardmodel VALUES(1,5302785142201449,772,1,1,'2027-08-29');
INSERT INTO bank_bankaccountcardmodel VALUES(2,5302520851316019,848,1,NULL,'2027-08-29');
INSERT INTO bank_bankaccountcardmodel VALUES(3,5302723860977588,930,1,NULL,'2027-08-29');
INSERT INTO bank_bankaccountcardmodel VALUES(4,5302876494456410,531,1,NULL,'2027-08-29');
INSERT INTO bank_bankaccountcardmodel VALUES(5,5302415157125852,920,1,NULL,'2027-08-29');
INSERT INTO bank_bankaccountcardmodel VALUES(6,5302385644077512,831,1,NULL,'2027-08-29');
INSERT INTO bank_bankaccountcardmodel VALUES(7,5302346256406674,767,1,NULL,'2027-08-29');
INSERT INTO bank_bankaccountcardmodel VALUES(8,5302509072036783,461,1,NULL,'2027-08-29');
CREATE TABLE IF NOT EXISTS "bank_bankaccounttopupmodel" ("id" integer NOT NULL PRIMARY KEY AUTOINCREMENT, "amount" real NOT NULL, "account_id" bigint NULL REFERENCES "bank_bankaccountmodel" ("id") DEFERRABLE INITIALLY DEFERRED);
INSERT INTO bank_bankaccounttopupmodel VALUES(1,1000.0,1);
INSERT INTO bank_bankaccounttopupmodel VALUES(2,1000.0,1);
INSERT INTO bank_bankaccounttopupmodel VALUES(3,3000.0,1);
INSERT INTO bank_bankaccounttopupmodel VALUES(4,3000.0,1);
DELETE FROM sqlite_sequence;
INSERT INTO sqlite_sequence VALUES('django_migrations',22);
INSERT INTO sqlite_sequence VALUES('django_content_type',13);
INSERT INTO sqlite_sequence VALUES('auth_permission',52);
INSERT INTO sqlite_sequence VALUES('auth_group',0);
INSERT INTO sqlite_sequence VALUES('django_admin_log',33);
INSERT INTO sqlite_sequence VALUES('bank_usermodel',13);
INSERT INTO sqlite_sequence VALUES('bank_usermodel_user_permissions',52);
INSERT INTO sqlite_sequence VALUES('bank_currencymodel',3);
INSERT INTO sqlite_sequence VALUES('bank_bankaccountmodel',2);
INSERT INTO sqlite_sequence VALUES('bank_paymentprocessingmodel',1);
INSERT INTO sqlite_sequence VALUES('bank_currencyexchangemodel',2);
INSERT INTO sqlite_sequence VALUES('bank_currencyexchangehistorymodel',8);
INSERT INTO sqlite_sequence VALUES('bank_bankaccountcardmodel',8);
INSERT INTO sqlite_sequence VALUES('bank_bankaccounttopupmodel',4);
CREATE UNIQUE INDEX "django_content_type_app_label_model_76bd3d3b_uniq" ON "django_content_type" ("app_label", "model");
CREATE UNIQUE INDEX "auth_group_permissions_group_id_permission_id_0cd325b0_uniq" ON "auth_group_permissions" ("group_id", "permission_id");
CREATE INDEX "auth_group_permissions_group_id_b120cbf9" ON "auth_group_permissions" ("group_id");
CREATE INDEX "auth_group_permissions_permission_id_84c5c92e" ON "auth_group_permissions" ("permission_id");
CREATE UNIQUE INDEX "auth_permission_content_type_id_codename_01ab375a_uniq" ON "auth_permission" ("content_type_id", "codename");
CREATE INDEX "auth_permission_content_type_id_2f476e4b" ON "auth_permission" ("content_type_id");
CREATE UNIQUE INDEX "bank_usermodel_groups_usermodel_id_group_id_7b56f3c8_uniq" ON "bank_usermodel_groups" ("usermodel_id", "group_id");
CREATE INDEX "bank_usermodel_groups_usermodel_id_48283793" ON "bank_usermodel_groups" ("usermodel_id");
CREATE INDEX "bank_usermodel_groups_group_id_c63b644c" ON "bank_usermodel_groups" ("group_id");
CREATE UNIQUE INDEX "bank_usermodel_user_permissions_usermodel_id_permission_id_6c9f805a_uniq" ON "bank_usermodel_user_permissions" ("usermodel_id", "permission_id");
CREATE INDEX "bank_usermodel_user_permissions_usermodel_id_cd2f2c82" ON "bank_usermodel_user_permissions" ("usermodel_id");
CREATE INDEX "bank_usermodel_user_permissions_permission_id_d6a5818e" ON "bank_usermodel_user_permissions" ("permission_id");
CREATE INDEX "bank_currencyexchangemodel_from_currency_id_162bf004" ON "bank_currencyexchangemodel" ("from_currency_id");
CREATE INDEX "bank_currencyexchangemodel_to_currency_id_ccf166e6" ON "bank_currencyexchangemodel" ("to_currency_id");
CREATE INDEX "bank_bankaccountmodel_currency_id_bc5547a2" ON "bank_bankaccountmodel" ("currency_id");
CREATE INDEX "bank_bankaccountmodel_user_id_6d72069c" ON "bank_bankaccountmodel" ("user_id");
CREATE INDEX "django_admin_log_content_type_id_c4bce8eb" ON "django_admin_log" ("content_type_id");
CREATE INDEX "django_admin_log_user_id_c564eba6" ON "django_admin_log" ("user_id");
CREATE INDEX "django_session_expire_date_a5c62663" ON "django_session" ("expire_date");
CREATE INDEX "bank_currencyexchangehistorymodel_currency_exchange_id_83c5308f" ON "bank_currencyexchangehistorymodel" ("currency_exchange_id");
CREATE INDEX "bank_currencyexchangehistorymodel_from_account_id_09c52f87" ON "bank_currencyexchangehistorymodel" ("from_account_id");
CREATE INDEX "bank_currencyexchangehistorymodel_to_account_id_63850949" ON "bank_currencyexchangehistorymodel" ("to_account_id");
CREATE INDEX "bank_bankaccountcardmodel_account_id_40dc2bc1" ON "bank_bankaccountcardmodel" ("account_id");
CREATE INDEX "bank_bankaccountcardmodel_payment_processor_id_ce17a21a" ON "bank_bankaccountcardmodel" ("payment_processor_id");
CREATE INDEX "bank_bankaccounttopupmodel_account_id_fbbff9b7" ON "bank_bankaccounttopupmodel" ("account_id");
COMMIT;
